STATEICP,OWNERSHP,MORTGAGE,GQ,SEX,AGE,MARST,EDUC,SCHLTYPE,OCC2010,VETSTAT,IND1990,INCTOT
39,1,4,3,1,69,5,10,1,275,2,129,23598.45624525397
52,1,1,1,2,66,1,9,1,703,2,965,45224.94795873131
29,1,1,1,2,57,2,5,0,114,1,262,75711.64468723358
15,2,3,1,2,98,2,2,1,946,0,69,48858.774171376885
43,1,3,2,2,81,3,7,1,442,1,275,52831.91573479766
8,2,2,1,1,74,1,8,0,922,0,418,59505.17209434623
21,1,1,1,2,83,6,7,1,506,1,40,73413.2325863532
39,1,1,1,1,63,5,7,1,449,0,30,16895.505756211343
19,1,3,1,2,68,3,5,0,757,1,740,61690.48103674869
23,1,1,1,1,82,3,2,1,694,0,602,44637.21721516473
11,1,2,1,2,85,1,6,1,167,0,298,53332.75790623677
11,1,2,2,1,58,2,4,1,181,9,552,71199.00339524754
24,1,2,1,1,59,4,10,0,503,0,507,26116.266971763114
53,1,1,1,1,82,1,2,1,979,0,755,29747.11117113821
36,1,3,1,1,61,2,9,1,320,0,483,11291.400805723875
40,1,1,1,2,15,3,7,1,412,9,414,39016.821164724475
24,1,3,1,1,87,2,6,1,678,0,557,76608.64688757632
3,1,2,2,2,67,5,5,1,779,0,970,47588.25623053061
22,2,3,1,9,14,1,3,2,685,0,141,23197.502086904286
53,1,3,3,2,88,4,10,1,668,0,333,40286.42510849906
2,2,3,1,1,54,3,10,1,912,2,867,20242.76593018754
24,1,3,1,1,34,4,4,2,675,1,141,27496.277965376765
44,1,2,2,2,54,2,3,1,472,0,530,57776.37820527427
30,2,2,1,1,13,3,11,1,376,0,39,26522.533473879423
38,2,3,1,1,48,5,8,0,559,1,636,72252.68610406603
2,1,4,1,2,82,2,3,1,652,0,310,48577.59418339328
21,1,3,1,2,99,2,7,1,879,0,13,51711.89407889051
33,2,3,3,2,6,3,7,1,264,0,334,44432.54064784212
12,2,3,1,1,29,4,7,1,217,0,518,65456.956770874465
22,1,2,2,2,82,2,7,0,459,0,246,65663.19775554021
44,1,1,3,1,48,5,2,1,104,0,544,56701.08703824343
25,1,3,1,1,88,2,10,0,869,0,25,61295.78211815296
49,1,4,3,2,15,2,3,1,848,0,543,45758.20660159149
27,1,1,1,1,50,4,10,1,487,1,593,60844.06013818097
42,1,3,5,1,71,3,9,1,692,0,825,43242.44449052386
28,1,2,1,1,81,5,3,1,771,2,455,50044.63244324804
16,2,3,1,2,91,6,2,1,199,0,512,44507.12501267405
15,1,1,1,2,79,2,9,1,720,1,965,40855.62921361608
47,1,2,1,2,82,1,10,0,493,1,239,36217.764045564196
51,2,3,1,2,41,1,9,0,742,2,116,59353.80207717771
44,2,2,2,1,16,4,4,1,545,1,729,76212.11825626927
55,1,3,1,1,62,5,9,2,765,0,398,73422.03943339118
52,1,3,1,1,44,1,3,1,432,0,729,24868.69328109129
3,1,4,2,1,76,1,7,1,845,0,272,75784.06102813747
37,1,2,1,2,6,1,7,1,649,0,572,43636.829967641424
51,1,2,5,2,26,4,11,1,614,0,74,62014.660302911834
7,1,1,2,1,9,2,8,1,821,1,274,31875.69335905578
21,1,4,5,1,33,2,10,0,142,0,347,52839.59827748011
9,1,4,2,1,35,3,4,0,64,0,310,56274.46365793814
39,1,3,1,1,24,4,3,2,998,2,387,20307.904161606944
18,1,3,1,2,5,3,3,1,519,0,184,62165.34332688378
4,1,3,2,1,23,3,5,1,679,0,972,76918.70015676631
25,1,3,1,1,17,1,11,0,550,1,161,46507.04108636744
14,1,1,1,2,86,3,1,2,419,0,485,77203.36261656026
50,2,3,1,1,5,4,10,1,220,0,275,46206.130130951846
9,1,1,5,2,28,6,3,1,675,9,338,66991.69062093235
26,2,3,1,1,24,1,6,2,302,2,982,5628.600680978008
53,2,3,1,2,54,1,3,1,996,1,825,98375.55558626927
2,1,3,1,9,80,1,5,1,743,0,172,79909.16490485914
20,1,1,1,2,45,2,9,0,124,1,447,44307.489914926424
28,1,2,1,1,23,4,2,0,958,0,352,10558.219467123643
47,1,2,1,2,74,1,11,1,679,0,376,55760.56736610978
7,2,2,1,1,25,2,2,1,268,0,474,21121.48905852486
44,1,1,2,1,97,2,6,1,772,0,759,58897.07075114976
8,1,4,1,1,27,1,6,1,131,0,208,58231.31438328564
47,1,3,3,1,2,2,11,1,308,0,509,31171.936619959502
35,1,2,3,2,74,2,11,0,784,0,25,72419.34047228756
14,1,2,1,2,37,2,8,1,390,0,830,66111.49405612347
17,1,2,1,2,60,4,11,1,570,1,305,69516.46674577126
36,1,3,1,2,77,3,2,1,898,0,877,50177.15407337791
50,2,3,3,2,50,1,9,1,850,0,520,21689.51866172587
40,1,4,1,1,89,6,2,1,510,0,797,69557.44544422274
4,1,2,1,1,47,3,1,0,306,0,993,44592.572017284176
2,1,4,1,2,20,4,10,1,371,0,248,22204.397136146617
6,1,3,1,1,53,1,2,1,598,0,590,77040.78731948652
54,1,2,1,2,55,1,7,1,472,0,310,91988.15041005018
42,1,4,1,1,93,1,8,0,447,9,15,49175.03742041594
4,1,1,2,1,58,1,5,1,136,0,229,93182.42309206584
54,1,3,1,1,71,2,6,1,206,0,775,51826.294572226994
29,1,2,1,1,50,5,1,1,230,0,462,42390.88191667297
18,2,3,1,1,19,2,6,1,100,0,442,37390.83091629045
26,1,3,2,2,95,2,8,2,420,0,816,82741.64815985484
44,1,3,1,1,85,3,3,1,17,0,879,34397.122372244565
34,1,3,3,2,58,1,11,1,553,0,395,64705.38619949975
10,2,2,1,1,70,3,1,1,477,9,628,38816.723298815836
36,1,1,1,1,8,3,11,0,329,1,304,40793.86474851274
14,1,2,1,1,0,4,4,2,403,0,127,70604.99387939135
31,2,1,1,2,28,6,1,1,278,1,414,42399.263074212926
48,2,3,1,1,62,2,8,0,200,0,689,41904.09241159414
15,2,2,1,2,71,3,5,1,870,1,772,72656.09394349615
8,1,4,3,1,55,5,1,1,684,0,603,81947.94586443246
14,1,3,1,2,67,4,8,1,70,0,575,62893.79606568467
23,2,3,1,1,34,2,9,1,447,1,761,36904.604487521014
40,2,1,1,2,2,5,10,1,273,1,887,39787.83001404841
21,1,3,1,2,6,1,2,1,806,1,21,51598.30527480075
16,1,4,1,2,26,5,9,1,104,0,218,56418.60123851315
45,1,2,1,1,0,1,8,1,562,9,174,30242.68179720456
18,2,3,1,1,90,3,7,1,935,9,887,64460.758791597276
47,1,3,1,1,79,5,3,1,479,0,303,51710.26659279198
53,1,1,1,2,70,2,2,1,670,0,920,15685.833627237414
24,1,3,1,2,43,2,7,1,725,0,528,31421.470350785392
26,1,2,1,2,86,2,5,1,788,9,87,39917.42652696672
25,1,1,1,1,40,6,6,0,523,0,443,48542.8462231789
45,1,2,5,1,74,4,4,2,699,0,586,87785.57591007992
41,1,1,1,1,41,4,2,1,946,0,623,54763.42612279257
29,1,1,1,9,32,3,9,1,203,0,972,33184.562202027504
15,1,1,1,2,49,4,3,0,491,0,878,54412.616086143265
45,1,4,2,2,62,2,7,1,908,0,821,42958.24505092238
1,1,3,2,1,99,2,8,1,345,9,808,56495.16479067084
25,1,4,1,2,36,4,2,1,444,0,692,61611.35374071229
7,1,2,5,2,58,2,6,1,205,1,86,74184.61294447877
9,1,2,1,1,80,1,11,2,864,0,57,49514.270086599485
24,1,3,1,2,98,1,8,1,258,0,776,82779.21055199666
1,1,2,2,2,47,1,7,1,507,0,91,68160.45325072383
44,2,1,3,2,4,5,11,0,221,0,904,35851.20910375624
8,1,3,1,2,47,2,3,1,674,0,730,94197.11331496929
24,2,2,1,1,95,4,1,1,679,9,218,56539.890265401955
11,1,3,1,1,2,2,6,1,475,0,454,33297.5099205553
51,2,3,1,9,46,2,8,2,883,0,980,83058.26102460844
17,2,1,2,1,61,2,6,2,660,0,605,91555.5517039689
8,1,1,1,2,98,4,5,1,230,0,531,49339.49472560879
35,1,3,1,2,13,3,11,1,282,9,38,39926.99479248807
35,1,2,1,2,62,5,8,1,163,0,313,46552.500850926765
33,1,1,1,9,60,3,2,0,258,0,474,64294.63455035399
5,2,4,1,1,30,3,1,1,288,0,511,75557.13310061028
42,2,1,1,1,94,3,1,0,449,0,455,61409.74661727147
39,2,3,5,1,16,5,4,1,957,0,637,52034.46416943539
41,1,4,3,1,23,4,6,0,825,0,499,79960.23540608856
28,2,2,1,1,22,1,9,0,285,0,790,43743.270538969555
7,2,1,3,1,81,3,1,1,523,0,437,70618.38676733815
9,1,1,2,2,49,3,1,1,97,0,568,44238.74403297443
8,1,2,2,2,77,4,5,1,808,1,368,58620.45916021786
12,2,1,1,1,78,1,10,0,932,0,969,47728.74870419097
34,1,3,1,1,78,5,5,1,651,1,100,48882.956346943785
33,2,1,1,2,69,6,5,0,514,1,62,42452.2696507558
48,1,3,1,1,26,1,10,1,599,0,739,76897.08062361389
55,2,4,1,1,14,5,6,1,781,0,869,35341.4792378293
23,1,3,1,1,49,1,8,1,250,0,598,35195.35494902583
24,1,3,1,2,35,1,3,1,662,1,213,92419.8713169022
37,1,2,2,1,7,1,9,1,749,0,565,69556.95129308663
35,2,3,1,9,78,1,1,1,684,0,165,2297.726026139273
44,2,3,1,1,2,4,4,1,245,0,11,38694.82521579193
40,1,2,5,2,61,1,9,1,137,2,366,13760.213248758919
22,1,1,3,1,46,2,8,1,512,0,834,30986.186131694896
27,2,3,2,1,76,1,10,0,209,0,578,0.0
35,1,2,5,2,97,2,9,1,971,0,811,47260.20844612115
1,2,1,1,2,87,1,1,1,911,0,992,27161.16361677377
35,1,2,5,2,95,3,9,1,552,0,67,51198.10513592877
37,1,2,1,2,60,1,3,0,511,1,263,17497.574822349503
47,1,3,1,2,31,5,11,0,659,1,189,51658.2370634408
14,1,3,1,2,93,4,10,2,501,1,502,41701.67443759345
3,2,3,1,2,12,1,9,1,30,0,678,80039.05930377191
1,1,1,1,1,0,5,1,0,243,0,44,78227.1372349125
5,1,2,1,1,33,1,1,1,723,0,84,65706.91206020566
26,2,2,2,1,61,1,9,1,800,0,953,43467.72438677575
55,1,1,1,2,78,1,11,1,652,0,298,89707.60790520586
14,1,2,1,1,77,2,6,0,425,0,380,18939.294443203587
39,2,3,3,1,92,3,4,1,157,0,596,21928.82740872675
27,1,1,1,2,97,4,7,1,979,0,338,48324.338002218705
9,1,3,1,2,81,2,5,0,38,0,599,95080.76217842239
15,2,2,1,2,70,4,10,1,370,2,776,45953.22186259825
15,1,1,1,1,92,1,7,2,317,0,786,46335.095135814365
26,1,2,1,2,30,4,8,1,892,9,313,21161.792877763815
42,1,4,3,1,63,1,8,1,951,1,588,68918.59170540757
13,2,3,1,1,24,1,1,0,171,0,230,69063.52508658708
51,1,4,1,1,37,1,8,0,878,0,988,65781.50402799819
32,1,2,3,1,13,1,6,1,861,0,173,37415.58654305275
39,2,1,2,1,7,3,4,1,70,1,489,35865.86463253989
49,2,3,1,2,90,4,8,1,134,0,464,24137.55499190059
52,1,2,1,1,53,1,3,1,465,9,384,51677.45003521867
32,1,3,1,2,1,4,4,2,80,0,229,28391.853414429967
4,1,1,1,2,80,3,6,1,847,1,693,26451.669895014227
30,2,2,1,1,77,5,11,0,916,1,263,41526.18566178648
37,1,1,1,2,88,1,7,1,885,0,731,40216.87649631568
23,1,2,5,1,55,2,4,2,475,0,197,39240.4294235609
39,2,3,1,2,93,5,4,1,252,0,200,59328.89193680523
45,2,2,1,1,92,3,7,0,499,0,398,51580.956043005586
15,1,2,1,1,83,2,6,1,770,0,224,44236.87938977765
43,2,2,1,1,84,1,11,1,230,1,384,53660.25856622964
29,1,2,1,2,60,2,8,2,482,0,95,30169.459177907356
36,2,3,1,2,21,3,1,0,968,9,483,52105.57247819356
13,1,3,3,1,34,4,10,1,542,1,627,53012.04985689268
32,1,4,1,2,15,1,11,1,503,0,853,19939.06281285039
7,2,3,1,2,49,3,7,1,908,2,817,69913.87508740724
51,1,2,1,2,42,3,7,1,91,0,540,32371.32589546009
22,1,3,1,2,16,3,11,0,865,1,56,51806.1959841287
28,2,2,1,2,79,3,7,1,888,0,74,73288.23481070541
2,2,2,1,2,57,4,7,1,531,0,972,68513.53515427739
42,1,3,1,2,1,2,10,2,932,0,484,50686.66777137671
45,2,1,1,1,3,5,10,1,21,0,155,42750.01994235863
53,1,4,3,1,84,1,8,1,272,0,955,68950.23817151134
6,1,2,5,1,38,1,9,1,666,0,807,63493.8995561724
28,1,3,2,2,97,2,9,0,458,0,391,37632.699599117404
28,1,3,3,2,93,1,2,1,201,2,75,34102.127059966195
44,2,3,1,1,5,1,7,1,771,0,526,8552.896366080036
44,1,3,5,2,80,1,7,1,123,0,102,53080.63683367175
20,1,3,1,1,88,4,4,1,35,0,874,48346.04509963203
30,1,1,5,1,68,1,9,1,792,1,435,72723.82749285085
11,2,3,5,9,68,4,8,0,508,9,477,57181.10186960733
55,1,1,2,1,19,1,1,2,517,0,103,76684.5838834538
28,1,3,5,1,63,5,2,0,554,0,627,36052.715441676584
25,1,3,1,2,15,4,2,1,71,0,142,72763.00661935237
39,1,3,1,2,50,1,11,1,238,0,443,39421.6724179069
33,1,1,1,1,36,4,8,2,824,1,350,65551.92123584544
1,2,1,1,2,72,3,1,1,616,0,323,20824.83214938613
27,2,3,1,2,68,4,4,1,44,9,600,54702.705987323774
52,1,1,1,1,41,3,10,1,714,0,221,10306.241171081798
13,2,1,5,1,56,3,5,1,465,9,529,44657.2502811649
41,2,1,1,2,65,4,9,1,597,0,168,58807.07987755827
3,2,4,2,1,8,2,7,1,900,1,277,39580.62897537809
39,1,3,3,2,99,1,8,0,511,2,670,28991.247424880654
6,1,2,3,2,85,4,11,2,770,9,871,66922.36938591868
8,1,2,5,9,63,2,9,1,604,0,967,47930.744203061535
27,1,2,1,1,85,2,7,1,34,0,612,40208.58705938657
9,2,3,5,9,21,1,5,1,578,0,757,50837.91842308553
37,2,3,2,1,33,2,5,1,41,0,483,102733.38283891177
33,2,1,1,1,54,6,10,1,840,0,810,73070.05699563088
51,1,1,1,1,28,2,11,1,21,0,419,73251.47336375681
42,1,1,2,1,37,2,6,1,328,0,483,58710.92637984728
44,2,3,1,2,96,3,5,1,854,0,365,53329.70545154294
24,2,3,1,1,17,4,11,1,613,0,689,2078.3542333916776
15,1,2,1,1,70,2,9,1,10,0,202,36420.39307073736
54,2,1,1,2,64,2,3,1,444,0,708,40388.51173595051
32,2,1,1,1,96,5,3,1,847,0,280,12502.158719049337
32,1,4,2,2,0,3,7,0,145,0,123,26851.684195691327
24,1,2,1,1,87,1,7,1,205,0,906,10383.270581547316
41,1,3,1,2,3,1,6,1,142,2,532,49233.52328605255
52,1,3,1,2,3,2,3,1,994,9,64,66375.31941697632
49,1,2,1,1,81,1,7,1,95,9,779,72135.49037248657
49,2,2,3,1,26,2,5,1,485,1,74,58295.68924158483
52,1,1,1,1,42,5,7,1,816,0,693,30732.07317602862
12,1,3,1,2,58,1,2,1,800,0,281,11358.696829600813
39,1,3,1,1,31,4,6,1,333,0,511,14862.626011969958
2,1,3,1,1,32,2,8,0,189,0,671,24620.348454910032
3,2,3,3,1,27,4,1,1,525,0,371,32222.806039286508
49,1,1,2,1,54,4,4,2,647,0,155,46805.03004016827
37,1,4,1,2,99,1,11,1,184,0,952,29716.715637460635
49,2,3,1,2,59,3,1,1,772,0,218,56779.51787336523
56,1,2,1,1,69,1,1,1,30,1,295,45354.529944010545
17,1,4,1,1,61,5,10,1,961,0,19,50210.91423482051
49,1,3,1,2,79,5,11,1,114,0,748,72805.0110534241
2,1,3,1,2,33,2,8,1,587,0,195,26395.3653159926
2,1,3,1,1,86,2,7,1,452,0,583,58374.09156584737
28,1,3,1,1,87,2,10,1,784,0,606,49720.535430478536
54,1,3,3,1,55,4,1,2,58,2,473,43330.2743806061
23,2,1,5,2,12,2,11,1,537,0,143,67705.1264173192
37,1,2,1,1,55,2,2,1,154,0,844,67580.28309114015
32,1,4,2,2,17,2,4,1,349,0,818,31070.184080231436
33,1,2,1,2,53,1,1,1,771,0,180,46356.788322841516
1,1,2,1,2,76,4,3,1,864,1,222,55624.23365168131
19,2,2,2,1,42,1,8,1,363,0,982,44539.86503954831
2,1,2,3,1,38,3,8,1,84,1,539,61700.426645755964
53,2,3,5,1,60,1,8,0,811,2,835,55623.84035820551
44,1,4,1,1,41,1,6,1,938,1,511,86651.22480712025
26,1,2,1,2,80,3,6,1,803,0,581,19394.417281404247
32,1,1,2,9,78,6,5,0,587,0,609,47551.28020505205
6,2,1,1,2,17,4,9,1,646,0,36,31829.94976975618
32,1,3,1,2,22,1,4,2,328,0,77,62082.14910878088
55,1,3,1,1,53,1,10,2,96,1,799,17656.56219908911
4,1,2,1,1,29,5,7,1,562,1,417,56926.25420449773
55,2,3,1,1,97,2,1,0,991,1,561,37399.031373033176
11,1,3,1,2,57,1,9,1,707,1,118,35316.76267757972
56,2,3,3,2,67,5,7,0,875,0,83,21070.035929186255
17,1,4,1,2,66,4,10,2,901,0,587,40698.48107597988
38,1,2,1,1,70,6,9,0,856,0,689,71690.0106058185
24,1,3,1,1,17,5,7,1,787,2,271,49496.22632941041
5,1,2,1,2,6,5,2,1,792,1,377,62553.60835748949
52,1,3,1,1,39,1,6,1,51,0,795,83292.8364393255
34,1,3,1,2,69,1,10,1,102,1,858,55275.11169645152
6,2,3,3,2,85,3,11,1,706,1,879,38824.00855875319
22,1,3,1,2,64,3,4,0,736,2,246,59345.0443036558
11,1,1,5,1,67,2,3,1,516,1,736,39114.07707371416
48,1,3,1,1,48,2,2,1,538,0,375,39911.54633405661
16,1,4,1,1,51,2,6,0,965,0,295,19602.144007620303
33,1,4,1,1,28,3,8,1,274,0,387,68525.14982168784
9,1,1,1,1,20,1,6,1,635,0,670,42279.948487011214
6,1,1,2,2,89,2,9,1,301,0,839,53641.96491631724
16,2,1,1,2,77,3,5,2,978,0,915,29280.76142786721
29,2,3,1,1,8,4,2,2,473,1,385,58718.95259430945
3,1,3,3,1,46,1,8,2,813,0,628,34761.175237298325
20,1,2,3,1,75,3,9,1,569,9,662,47165.82556596352
36,1,3,3,1,41,4,10,0,828,0,85,67556.52062478251
19,1,3,1,2,50,2,4,1,106,0,18,65815.18624465058
26,1,3,2,1,55,1,6,1,896,0,205,49559.39854966119
3,1,3,1,1,50,2,11,2,104,0,816,14637.379345865636
19,2,3,1,1,69,2,10,1,335,0,801,109856.21140121283
20,2,3,1,2,19,5,8,0,83,0,902,84917.17940546272
32,1,2,1,2,87,1,9,2,345,0,639,64453.49649776597
7,1,3,1,1,26,3,5,1,77,0,299,34935.92436818058
52,1,3,1,2,37,1,6,0,767,0,70,47728.15676596071
41,2,3,3,2,71,2,11,1,927,1,946,39131.59140446966
33,1,3,1,2,64,3,4,0,86,0,398,75277.11878192777
40,1,3,1,1,53,2,5,1,217,0,856,55250.05781703668
39,2,1,1,2,23,2,7,1,893,1,827,34316.722832803345
18,1,2,3,2,46,1,9,1,775,0,909,40584.89801750436
40,2,1,1,2,70,2,10,1,230,2,572,72423.76285139809
1,1,2,1,2,82,3,11,1,271,1,573,82001.95693640957
11,1,3,3,2,85,2,6,1,419,1,643,80566.63126972491
28,1,4,3,1,62,5,6,1,340,0,688,65140.64130107955
25,2,1,1,2,56,3,8,1,353,1,17,44947.502623947265
50,2,2,1,2,54,2,11,2,998,1,378,0.0
23,2,3,2,2,59,1,4,0,780,0,54,55943.200476164435
31,1,2,1,1,98,2,3,1,829,0,353,49963.424823117995
30,2,3,1,2,61,4,7,1,83,0,766,52799.64192642707
42,1,3,3,2,29,2,5,0,646,1,805,51077.94694066413
35,1,3,1,1,92,4,2,1,709,0,384,23474.75676101686
7,2,1,1,2,21,2,2,1,263,1,628,61148.17113702371
16,1,2,1,2,74,4,11,0,968,0,36,62644.326280637004
26,1,3,1,2,83,1,6,1,842,1,202,63646.775641193184
48,1,3,1,1,28,5,8,1,829,0,939,68931.54007146772
52,1,1,2,1,40,2,1,2,756,0,858,62081.032898432466
49,1,3,1,2,41,2,11,1,995,0,366,41799.411769221784
2,1,1,1,1,97,2,6,2,771,0,71,48583.2630416782
1,1,3,1,2,64,2,2,1,341,0,71,51822.49734506754
48,2,2,1,2,30,6,2,1,407,0,431,52153.98898213237
12,2,4,5,2,29,1,7,0,354,0,803,69964.3531194346
5,1,2,1,1,17,1,10,0,593,2,642,62873.37506044982
37,1,2,1,2,16,3,1,1,756,1,801,91546.86879139906
32,1,1,1,1,37,2,6,1,845,0,560,94129.37959769345
55,1,2,1,1,13,3,7,1,677,0,389,51592.9916522785
9,1,3,1,1,86,3,8,0,464,0,286,0.0
41,1,4,2,1,88,2,7,1,915,1,615,74736.64932254533
35,1,2,5,9,78,5,6,0,124,0,440,39192.473220258915
19,1,2,1,9,55,2,9,1,322,0,124,33970.32156337987
48,1,3,1,1,21,1,3,0,237,0,697,42031.09450021266
16,1,3,2,2,66,4,11,0,843,1,130,41067.13906370787
3,2,3,3,1,55,3,6,1,867,0,534,62245.39620210785
20,2,2,1,2,18,2,4,1,254,1,908,18811.28441747549
24,1,2,1,2,56,3,2,1,827,0,425,28445.585084167968
54,2,3,1,2,43,1,1,1,535,0,172,56863.171083948335
56,1,1,2,1,97,2,1,2,537,0,796,62458.88060826616
33,2,3,3,2,34,5,11,1,959,0,919,62830.83289872024
24,2,2,1,1,0,1,10,0,436,0,697,34259.27442133402
52,1,3,1,9,51,2,3,1,51,0,991,30434.6870146752
11,1,1,3,1,84,4,4,1,474,0,346,39867.30332424161
49,1,3,3,2,92,6,2,1,631,0,388,54797.4550456945
8,1,2,5,2,69,2,11,0,287,0,333,79709.54738545099
36,1,3,2,2,36,3,11,1,845,9,182,9051.256284584997
38,1,1,1,1,64,3,11,1,28,0,796,45585.42486083267
40,1,3,1,2,50,5,1,1,75,0,73,23346.431179495925
20,2,3,1,1,0,5,4,0,176,0,110,16955.146452930203
35,2,3,1,2,90,1,7,0,594,0,331,69339.13290689632
48,1,3,1,1,20,2,10,1,412,0,984,60892.49148998677
25,1,3,2,1,52,2,11,1,921,0,75,58988.670318945246
35,1,3,1,2,15,4,6,1,831,0,852,68420.51679461986
25,1,2,2,1,60,3,6,1,418,0,566,40405.62206467728
29,2,3,1,1,53,3,11,1,121,1,608,41347.24967332944
18,1,2,5,1,39,6,9,2,283,0,467,93714.61233445149
46,1,1,1,1,25,1,2,1,416,0,588,45068.57891480852
18,1,1,1,2,79,1,4,1,382,0,462,64702.642261081826
2,1,2,1,2,91,2,5,0,606,0,268,50127.6308192663
54,2,3,1,1,64,2,1,0,660,1,943,13034.829398431699
35,2,3,2,1,99,1,8,1,48,0,726,9107.419923974638
16,1,3,2,1,73,1,8,0,114,0,435,38420.3156012019
41,1,3,1,1,63,3,6,2,333,0,988,71122.02503339978
36,1,2,1,2,42,5,5,0,802,0,945,65765.83313272007
33,2,1,1,2,16,3,8,1,968,0,187,68281.54328448066
4,2,2,1,1,58,3,3,1,423,0,940,30259.076421273694
33,1,2,3,1,22,2,3,1,438,0,289,82317.44980244627
14,1,1,3,1,6,4,2,0,644,0,353,30702.133996272314
21,2,2,1,2,43,4,5,1,739,0,26,54256.48797339937
48,1,3,2,9,52,3,3,1,898,0,305,49792.95420184526
20,2,3,1,1,70,1,3,1,70,0,211,46522.523593708276
56,1,4,3,1,78,1,6,0,621,1,971,76771.84276591214
8,1,4,1,2,33,1,8,2,316,0,693,35897.78959668079
7,1,3,2,2,45,3,2,1,363,0,928,23007.89488576144
3,1,2,3,1,67,4,4,1,402,0,783,50399.90972412839
17,1,3,1,1,77,5,11,1,213,0,203,42003.46531426947
33,2,3,3,1,77,2,7,0,267,0,158,117547.65838165292
48,1,1,1,2,15,4,1,2,495,9,384,63530.1495287995
12,1,2,1,1,70,5,1,1,526,1,897,41813.18849562752
51,1,3,1,1,95,2,10,1,455,0,44,28877.76861625827
22,1,2,5,2,18,2,7,1,718,0,378,12394.231788624304
55,1,3,3,1,1,5,7,0,189,0,38,29495.618285251338
22,1,3,2,2,9,2,1,2,351,0,784,52298.835435182635
46,2,1,2,1,49,5,1,0,142,1,230,78546.57303189539
30,1,2,1,1,80,6,4,1,452,0,62,72433.78284775838
38,1,2,3,2,11,3,5,1,845,0,942,54581.896632927586
38,1,1,1,1,69,4,5,2,262,0,800,43536.646685950305
45,2,1,1,9,21,4,4,1,274,0,362,55376.247128243085
51,2,3,1,2,31,3,8,1,102,1,401,39627.24005030848
54,2,2,2,1,83,2,7,1,671,0,85,84367.27991527751
8,1,3,2,2,0,1,9,1,420,0,503,46216.1963744984
27,1,2,1,1,53,2,7,0,147,0,697,48273.24283506546
27,1,4,1,2,57,3,10,0,217,1,531,5683.55149958664
34,1,2,3,1,69,1,1,1,646,1,984,46091.30306954472
21,1,2,1,2,82,1,7,1,755,0,126,66729.68275929883
30,1,3,2,1,17,1,1,0,582,0,289,28645.548459229096
33,1,3,5,1,5,4,7,1,316,0,739,34985.59331014374
28,1,1,1,2,44,6,10,1,275,0,184,65854.22035467329
47,2,3,1,2,96,6,8,1,655,0,755,20466.855529638935
33,1,2,2,1,22,2,11,2,327,0,958,71156.02015083836
5,1,2,3,1,22,5,9,1,122,0,773,39357.12219653796
48,2,1,1,2,25,4,3,1,910,0,304,42228.63559017594
19,1,1,5,2,76,3,4,1,387,9,460,27522.431897488117
4,2,3,1,1,6,3,4,0,463,0,843,57560.925208557666
35,1,2,1,1,78,1,9,1,200,0,527,99197.4397005876
49,1,2,2,1,43,5,7,1,900,0,30,65629.94478921263
17,2,3,3,2,26,2,3,1,449,0,82,32714.294761189285
44,2,3,1,1,25,2,10,2,196,0,851,72712.41170982952
28,2,1,3,1,96,3,5,1,840,2,45,43666.40908131501
30,1,3,1,2,78,2,7,1,376,0,516,77489.69962855119
29,1,1,1,1,35,2,8,1,98,9,908,66133.52804328725
46,1,3,1,2,54,3,1,1,196,0,242,0.0
53,1,3,3,1,63,1,2,1,828,0,737,29918.40734089945
6,2,4,1,1,90,4,7,1,955,0,991,68887.7044567078
35,1,1,1,1,56,3,11,1,141,0,506,53033.14544290035
41,2,1,1,2,68,3,2,1,881,0,215,29524.881045842987
37,1,2,3,1,60,3,7,2,644,1,435,37328.209690123746
24,1,2,1,2,1,3,9,1,569,1,950,11875.267598212391
29,1,2,2,2,54,3,11,0,809,1,53,48232.53424947208
49,2,4,1,2,96,3,2,1,385,1,100,94213.79452031528
46,2,2,1,1,79,4,7,1,700,1,938,66098.66781464651
53,2,2,1,1,86,4,4,0,701,0,837,93808.34002376845
31,2,3,3,1,37,5,11,1,108,0,479,67647.9417957996
35,2,2,3,1,79,1,2,2,851,0,614,70549.58686705383
33,2,3,1,1,77,2,7,2,43,0,476,89481.57375490048
52,1,1,1,2,28,5,5,0,941,1,860,57545.265186844525
21,1,2,1,1,25,2,1,1,591,0,463,46255.453569862395
32,1,1,1,1,34,1,5,1,180,0,604,70653.15033244024
23,2,1,1,1,78,3,3,1,375,2,342,79076.8047424377
33,2,4,1,2,66,1,7,1,793,0,516,40400.70714575582
3,1,1,1,1,86,1,6,1,68,0,803,35568.61835319942
18,2,3,1,2,28,6,8,1,190,1,479,52777.1206486176
25,2,2,1,1,33,3,5,1,28,2,30,66629.97733863324
42,1,2,2,2,96,2,2,1,235,0,237,65961.82097323124
31,1,3,1,2,40,6,9,1,482,1,385,21516.64799624802
54,2,1,1,1,40,6,11,0,104,2,139,88232.12134126644
3,1,3,2,1,22,2,8,2,890,2,696,37176.70141206299
40,2,4,1,1,70,2,6,1,306,2,629,44698.70006222841
46,1,3,1,1,2,4,10,1,602,0,423,31946.912800243605
24,2,4,1,2,57,4,7,0,184,0,804,103966.57671874175
50,2,1,1,2,31,3,9,1,231,0,80,54841.41340575935
32,2,2,1,2,30,5,7,0,624,0,413,32980.4983863687
47,1,2,1,2,81,3,3,0,63,0,571,67278.47099924892
22,2,3,3,1,42,2,6,1,704,0,616,65382.71558620066
23,2,4,1,1,6,3,11,1,872,0,800,46245.45952840232
2,1,2,1,2,0,2,11,1,412,0,406,66812.13425566767
27,2,3,1,1,60,4,7,0,327,0,346,33494.160783382715
42,1,1,1,2,13,3,2,1,876,1,653,40141.63450101495
2,1,3,1,1,51,1,3,0,358,0,514,9795.666908678744
26,1,2,2,1,95,3,4,2,452,0,919,23520.978315608743
17,1,4,1,9,5,2,10,1,842,0,285,86152.61611341371
40,1,3,1,1,9,2,6,1,589,0,901,82828.57255444629
33,2,2,1,9,70,3,1,1,549,2,22,51315.77297297925
9,1,1,1,9,89,2,9,0,795,0,12,83258.62894379675
43,2,1,5,2,97,4,5,2,291,0,995,46798.5102678339
54,1,2,1,2,29,1,7,1,369,0,995,45131.79394864184
48,1,2,1,2,99,3,9,1,924,0,987,51130.21296931113
39,1,3,1,2,20,4,9,1,832,0,233,47501.568093528695
29,2,3,5,1,59,3,1,0,640,0,983,45696.07352879639
42,1,3,1,1,80,2,1,1,901,0,184,72867.96214299105
55,1,1,1,2,96,6,3,1,962,1,908,53002.71307912406
26,2,3,2,1,73,2,6,1,655,0,394,64249.63528867609
35,1,3,2,1,62,1,2,0,650,0,611,70627.61050554662
50,1,1,1,1,41,2,10,0,17,0,929,57763.71591309467
25,1,3,1,2,50,1,11,1,572,0,250,30594.573481835225
24,2,3,1,2,63,6,1,1,500,0,556,22942.682220719224
13,1,1,1,1,75,1,1,1,350,0,23,52975.612696146105
7,2,2,1,2,55,4,5,0,481,1,204,46574.87390350131
36,1,2,1,2,79,4,4,1,802,0,406,51747.828578402434
45,2,1,1,2,40,1,1,1,696,1,440,49678.919215028276
20,2,4,1,2,31,3,4,1,704,0,315,101671.47320333135
1,2,3,1,2,14,1,3,1,713,9,343,23395.47488717324
8,1,3,5,1,61,2,2,1,258,0,734,10201.074603577508
46,2,2,1,2,26,1,9,1,244,1,419,56647.53667039219
16,1,2,1,1,27,5,11,2,92,0,12,42471.548908236095
14,1,3,1,2,80,6,1,0,102,1,700,56321.35739459902
12,1,3,5,9,63,1,7,1,894,1,561,61677.66044568003
51,2,1,1,1,58,1,4,1,403,0,461,75682.09390357794
23,2,3,1,1,57,4,5,1,833,0,685,19855.483592321234
15,2,3,1,2,1,2,10,1,277,1,828,38865.642042856736
28,1,2,1,1,35,5,5,1,426,0,756,58575.22517761528
34,1,1,1,2,70,3,1,1,641,0,778,65409.27191374453
2,2,3,1,1,12,2,6,1,592,1,881,93868.99100576772
32,1,2,1,1,14,4,9,1,538,0,504,69114.07942227734
23,1,2,5,9,88,2,2,0,262,0,426,48864.22808227446
22,1,1,1,2,86,5,7,0,966,0,400,32191.28494114677
51,1,2,1,2,59,5,6,1,131,1,382,38714.20294561962
25,1,3,2,1,21,1,5,0,901,0,637,38145.94354085787
22,1,3,1,2,62,1,4,1,19,0,61,63104.672570275216
22,1,2,1,2,89,6,4,1,808,0,385,55139.94891171661
49,1,3,1,2,96,5,6,1,325,1,404,23527.00858315642
52,2,3,1,2,74,1,4,1,847,0,932,41281.97061819134
42,1,3,3,2,73,4,5,1,282,0,151,67550.95106902841
6,1,2,3,1,24,2,6,0,315,0,95,57033.24709948118
15,2,2,1,1,47,2,5,1,814,1,473,61372.892320255414
54,1,4,1,2,42,5,7,1,219,9,55,57658.43420114526
43,2,3,3,1,37,1,9,1,967,0,853,82528.61469217719
37,2,1,2,2,40,5,10,1,739,0,247,54720.8612764874
33,1,1,3,1,44,1,7,1,762,1,19,42279.54404258604
8,1,2,1,2,87,3,7,0,895,0,673,31684.89917732879
53,2,4,1,2,39,1,4,1,473,0,582,54992.189164194235
44,2,3,2,1,96,3,1,0,721,1,539,1185.919704498323
44,1,2,1,1,16,3,8,1,737,9,607,46314.219963345764
5,1,1,1,1,87,1,4,1,726,0,658,45883.20280157312
39,1,3,1,2,56,3,1,1,934,0,922,22710.58292765438
4,2,3,1,2,1,2,5,1,425,0,751,31434.683226880083
6,1,2,1,1,95,1,8,0,225,0,649,66193.15060296483
45,2,3,1,2,61,4,4,1,89,1,625,54614.23498149925
32,1,4,5,1,87,2,8,0,788,1,707,52035.76667414655
52,1,2,1,1,8,3,8,0,489,1,918,56126.95067864045
30,1,3,3,2,67,3,3,1,911,0,187,51852.55175897847
47,1,2,1,1,80,3,9,1,900,0,878,74857.2512571663
35,1,3,1,1,16,1,3,1,556,0,15,52468.58363407297
55,1,3,5,1,49,2,1,1,810,0,862,20835.737723624992
40,1,3,1,1,93,2,2,1,27,1,316,82602.59929748821
52,2,3,1,1,39,4,6,1,174,0,557,57406.80534657691
16,1,2,1,1,57,4,10,0,534,0,336,38214.92538409865
13,1,4,1,2,74,3,2,1,211,0,365,24931.96563409963
50,2,3,2,1,84,1,6,1,750,9,802,57918.28441916091
42,2,1,3,2,20,1,1,1,355,1,404,47656.55990051249
30,2,3,1,1,17,1,11,1,375,1,309,81482.93572064818
19,2,3,1,1,54,1,1,1,986,0,535,43081.85438666344
17,1,2,1,2,28,2,5,2,457,0,758,33252.38420635066
56,1,3,2,9,23,1,10,1,522,0,294,67915.92436471856
19,2,4,1,1,73,1,11,1,328,0,339,68505.63785433663
28,2,2,1,2,16,1,9,1,226,0,59,53373.02735220391
55,1,4,1,2,17,1,8,1,43,0,782,63527.140953498165
26,2,1,1,2,41,1,3,1,880,0,977,49246.25758515524
37,1,2,1,2,83,1,3,1,275,0,631,54677.30202018494
26,1,1,2,1,44,2,1,2,649,0,718,73299.81765127846
53,1,3,1,1,81,3,3,1,733,0,387,62506.36668043006
23,1,3,1,2,16,1,11,1,784,0,773,46614.511233347504
9,1,1,3,1,72,2,1,1,833,0,609,77047.25091852302
12,1,2,2,2,13,2,8,1,89,0,834,2702.8925441697575
53,2,3,1,1,48,1,1,1,686,0,547,91041.4662284387
1,1,1,1,1,28,1,5,1,422,1,783,15880.818102185294
1,1,3,1,2,94,2,9,1,261,1,153,37458.14350455408
47,2,3,1,1,3,3,7,1,21,0,69,49181.64929609862
34,2,3,1,2,81,1,4,0,410,0,877,47070.386585436776
32,2,4,1,2,19,1,11,1,825,0,789,70128.2208005311
54,2,2,1,2,46,5,9,1,733,1,84,28843.267627795314
48,2,4,2,2,8,2,9,1,291,1,12,55215.336349661266
25,1,3,1,2,76,1,2,1,121,0,584,38435.75803560492
40,1,3,1,2,78,5,10,1,732,0,757,55902.81958674833
45,1,1,1,2,26,4,10,0,387,0,457,48704.55480404247
53,1,3,5,1,14,2,11,1,760,0,967,51858.71305365956
1,1,2,3,1,91,2,6,1,277,0,750,39001.50335071309
16,2,1,3,1,18,1,4,1,926,0,911,39798.72099807835
39,1,1,3,1,89,1,8,0,307,0,284,55745.45028054854
5,1,3,3,2,51,3,11,1,326,0,539,68874.31011512088
22,1,3,1,2,25,1,7,1,579,9,601,38034.41331604304
29,2,3,1,2,88,2,7,1,518,1,224,32624.649108541806
55,1,3,1,1,25,5,11,1,959,0,692,62269.20331343674
3,2,1,2,2,25,6,10,1,555,0,494,49349.92213884621
12,1,3,2,1,45,1,9,2,784,0,338,66609.96267971904
26,1,1,1,2,91,3,5,1,374,0,264,31884.05573257705
16,1,3,1,2,48,2,6,1,556,0,396,14411.221491531382
51,2,3,1,1,81,5,1,0,280,0,135,39339.91836347331
37,1,3,3,1,95,2,6,1,970,1,776,34672.94781469968
22,2,3,1,1,52,1,2,1,483,0,593,48424.231998394
29,1,2,1,2,2,1,6,1,748,0,559,37263.09571459221
14,1,2,1,2,65,2,9,1,546,0,333,64820.33902672898
28,2,3,1,2,96,2,8,0,243,0,213,44236.994751549675
5,2,2,3,1,41,4,9,0,68,0,181,53009.48997547802
47,2,2,1,1,18,3,10,1,260,1,744,53152.69116881888
49,2,2,2,2,16,2,8,1,856,2,226,53899.10184824375
30,2,3,1,2,32,2,3,1,95,0,254,49517.41779090053
46,2,2,1,1,75,1,8,1,772,0,345,60212.01380820627
52,2,1,1,1,48,5,6,1,399,2,712,34086.89732348385
5,2,3,2,2,55,5,6,0,189,0,307,77988.35853307767
12,2,3,1,1,62,6,6,0,728,1,841,45269.252332629294
16,1,1,1,1,2,5,3,1,865,0,191,23769.017242026366
26,2,2,1,1,48,1,10,2,158,0,343,53761.46713983546
26,1,1,3,2,54,1,1,1,592,0,520,32976.3903510503
48,2,2,1,2,25,3,4,1,130,0,392,63306.6906901775
21,2,2,3,2,98,5,10,1,774,1,726,94192.11152084755
39,1,3,1,2,71,1,6,2,614,0,882,34268.558168842996
36,2,3,1,2,51,1,11,1,265,0,208,56647.44666447969
33,1,3,1,1,99,4,10,2,775,0,341,14889.888225907445
30,1,2,1,2,6,1,2,0,873,1,174,59078.104588826944
37,2,3,1,1,45,2,7,0,809,0,251,32285.724004006202
23,1,2,1,2,45,3,7,1,318,1,909,37503.30763131035
10,2,4,1,1,99,1,11,1,68,0,651,27974.27020320344
54,2,3,3,1,15,1,4,1,78,0,236,64643.02452109471
5,1,1,1,1,23,4,4,1,455,0,643,70146.08714946525
36,1,3,2,1,60,3,1,1,397,0,565,50467.70429317015
34,1,2,1,1,53,6,2,0,95,0,460,32711.465893285607
52,1,3,1,1,61,2,9,1,795,0,205,81790.46072207725
31,2,1,1,9,0,1,10,1,236,0,879,34991.79744490687
10,1,1,1,1,48,4,8,1,602,0,213,6759.3540014512255
19,1,3,1,2,24,3,8,1,635,0,988,59167.780199141365
32,1,2,1,2,9,1,9,1,193,0,467,27904.506527169666
1,1,3,1,9,79,4,7,1,801,1,839,69772.17586998349
56,2,2,1,2,15,1,9,1,331,0,266,42377.246066531625
5,1,3,3,2,57,2,10,1,918,9,538,62074.26481088392
45,2,3,3,1,71,1,2,1,327,0,281,78030.00693104316
4,1,3,1,1,28,2,6,1,575,0,18,25822.82270758556
16,2,2,1,1,91,2,3,0,408,0,770,38681.25738215189
24,1,2,1,2,5,3,11,0,718,0,958,48486.578546858735
16,1,1,1,2,15,4,6,1,908,0,210,80751.02638068688
55,2,2,1,1,19,5,3,1,302,0,68,36832.34564119109
2,1,3,1,1,79,1,8,1,302,0,896,38109.926081019854
49,2,4,1,2,70,1,11,1,494,0,402,59562.81151111617
28,2,3,1,1,77,1,4,1,908,9,661,38455.42548578858
32,1,3,1,2,42,1,10,1,456,2,128,53050.51765795233
27,1,3,3,2,25,3,6,1,812,0,562,18969.251580637465
20,2,3,2,2,89,4,9,1,701,0,408,94286.59885113193
24,1,2,1,2,77,4,2,0,992,1,843,23045.815393811932
12,1,4,3,2,70,1,2,0,901,9,340,43564.94592019583
50,1,3,5,2,32,2,7,1,421,0,276,49350.37928315811
35,1,3,1,2,25,2,2,2,517,0,529,88253.76268713591
33,1,1,1,2,44,1,2,0,743,2,704,23503.084381345197
33,2,2,1,1,83,3,4,0,795,1,489,89674.08270957503
51,2,2,3,1,62,6,9,1,899,0,143,65143.53642204045
43,2,3,3,1,66,2,8,1,253,0,702,58341.90648846492
37,2,3,1,1,51,4,2,1,429,2,925,30307.326259640893
12,1,2,1,2,67,3,8,1,938,1,944,61422.824840761474
3,2,4,1,2,25,1,4,2,969,1,364,35530.267551604
1,1,1,1,1,74,3,2,1,163,1,593,75333.22506396825
33,1,2,1,1,1,2,11,1,825,0,507,30578.759417845336
40,1,1,3,9,13,1,10,1,433,1,634,47736.83011087832
10,1,3,1,1,29,3,7,1,282,0,116,38894.53823973657
43,2,4,3,1,48,5,6,1,945,2,299,30249.540751460107
44,2,2,3,2,11,2,10,0,656,0,834,64826.39633815829
29,1,3,2,2,89,2,5,1,834,1,638,60709.17494819267
13,1,2,1,1,43,5,11,1,529,0,641,74180.20397801994
12,2,4,1,1,32,4,1,1,137,0,156,14402.49783583665
31,1,3,1,1,12,4,2,1,382,0,336,71283.41404682088
46,1,3,1,2,77,1,8,1,577,0,424,100108.97810713787
2,1,1,1,2,87,5,1,0,647,1,219,40967.17821646106
51,2,4,1,1,97,1,3,1,168,1,305,87902.97224217938
50,2,3,1,2,25,3,2,1,580,0,407,44736.77455880347
35,1,2,1,2,20,1,5,1,579,0,112,22551.80524877386
23,1,3,1,1,27,3,4,2,661,2,645,43887.35115186409
17,2,2,1,2,47,2,7,0,185,1,766,70964.07935350551
26,2,3,2,2,99,2,5,1,936,1,517,33236.47035336937
8,1,1,2,1,39,2,8,0,629,1,900,37993.22681987026
29,2,3,1,1,65,1,4,1,220,1,877,61870.78864586382
26,1,3,1,2,72,3,6,1,456,0,218,50061.20233477146
10,1,1,1,2,86,5,4,0,595,1,942,61692.45904973482
26,2,2,1,2,78,6,2,1,176,0,437,54756.59081516672
34,1,1,1,2,76,1,1,0,469,1,402,59592.50639103146
51,1,2,3,2,22,4,1,0,925,1,835,41353.97628380918
41,1,2,1,1,80,3,8,1,366,0,925,54634.61884060785
7,1,3,1,2,47,2,4,1,313,0,118,31452.53988608133
4,2,2,1,1,1,1,5,2,242,0,898,75768.67245006777
53,1,2,1,1,83,3,11,1,336,0,357,37314.50566365373
50,2,3,1,2,19,5,8,1,893,0,59,72576.94975098778
45,1,1,1,2,58,3,7,1,191,1,925,45327.86078034269
11,1,4,1,1,45,2,8,0,643,0,114,54039.980215146425
29,1,3,1,2,2,3,8,0,343,0,429,40100.708982185984
56,2,3,1,1,54,1,6,1,724,2,382,29680.09137663942
36,1,3,1,1,11,4,10,1,976,1,36,15104.792247893973
25,2,3,1,1,39,4,2,1,38,0,977,28893.51682815081
21,1,1,5,2,65,1,6,1,723,1,809,43521.822935681565
36,2,1,1,2,99,5,1,1,102,0,778,54237.58357657768
10,1,2,1,1,77,2,1,0,850,0,282,70207.58626566528
37,2,3,1,2,15,6,11,0,877,0,658,41084.850804063026
9,2,1,1,1,82,2,3,1,697,0,349,32360.78471465652
24,2,3,1,2,33,1,3,1,339,0,310,21145.70427994575
35,2,4,1,1,43,2,11,1,732,2,489,59601.272358082075
49,2,3,2,1,5,2,5,0,193,1,843,77663.89030658687
35,1,3,1,2,76,1,1,2,104,0,553,75326.60535912577
48,1,1,1,1,63,3,10,1,794,0,566,64198.65496294475
36,1,3,1,1,99,3,6,0,658,0,274,62770.866345351984
18,2,3,3,2,21,4,7,2,758,1,551,83952.47559418682
49,1,1,1,9,17,1,10,1,362,1,605,56641.62922833621
39,2,1,1,1,11,3,11,1,939,0,175,62922.59352048343
32,1,4,1,1,51,1,3,0,950,0,325,43584.322762960015
24,1,3,1,1,93,4,4,1,993,0,10,22759.13258290485
23,1,3,1,2,50,1,10,2,274,0,770,36323.02199000848
32,2,3,1,1,70,5,11,1,656,0,270,49816.81922930689
37,1,3,1,2,95,4,10,1,665,0,72,51215.70745002606
12,1,3,1,9,47,3,10,0,28,0,492,88525.71709710787
49,1,2,1,1,18,2,10,1,752,0,685,51625.543351821376
55,1,2,1,1,5,1,10,1,655,0,330,73576.86888051288
13,1,2,3,1,83,2,3,1,635,0,855,41298.45516847368
23,1,3,1,1,26,5,1,1,508,1,210,43766.48228469532
25,2,3,1,2,52,5,8,0,148,9,231,23419.847255531033
35,1,3,1,1,47,1,10,2,646,1,161,35153.43974246857
41,1,2,1,1,6,3,10,1,725,1,653,60539.627827275064
30,1,3,2,2,58,4,2,1,582,0,635,50151.203607882664
17,1,3,1,1,68,3,1,1,771,0,471,68858.77239794467
49,1,3,1,2,10,1,8,1,819,2,226,53625.078966901005
20,1,3,1,1,14,1,7,1,534,0,205,42950.92536724517
48,1,2,1,2,63,2,7,2,917,0,802,92965.93727573918
25,1,3,1,2,2,4,4,1,264,0,211,48121.928625739056
22,2,1,1,2,68,2,11,1,94,0,656,73260.01939410609
13,2,2,1,2,22,2,9,1,467,0,243,41975.815869106445
19,2,2,2,1,52,5,6,0,541,0,150,64191.98958767133
49,1,3,1,1,36,3,2,1,571,1,717,68560.31318303374
36,1,4,3,2,8,5,1,1,685,0,507,54169.83941151162
12,1,3,3,2,14,2,1,1,101,1,564,2910.3415460679535
41,1,3,3,1,2,1,9,1,609,0,66,50365.04921712226
19,2,3,1,1,92,5,4,1,78,2,941,74609.20095519951
12,1,3,1,1,69,2,5,2,46,0,513,60549.61666055461
9,1,1,2,1,16,1,3,1,774,0,151,58916.777504584934
7,1,2,1,1,25,2,4,1,773,0,731,15554.861320849617
28,2,2,1,2,20,1,8,1,149,0,593,35590.89858649882
14,1,2,3,1,71,2,4,1,876,0,745,58227.15262302878
31,1,1,3,1,20,5,9,2,902,0,548,58207.66553573784
52,1,1,1,2,10,5,9,1,689,0,649,74293.33560265804
19,1,2,1,2,37,5,6,0,575,0,115,47102.66489707811
47,1,4,1,2,71,1,2,1,907,1,174,58116.481733476285
16,1,2,3,2,87,2,10,1,187,1,224,50327.484838625875
53,1,2,3,1,34,1,11,0,818,0,80,30261.145269968863
5,1,1,1,2,13,5,7,0,822,0,725,4884.17337810505
35,1,3,1,2,13,2,9,1,880,1,674,58620.19384260153
12,1,2,3,1,9,3,6,1,627,0,588,53478.944168256225
25,1,2,1,2,11,4,3,1,146,0,99,37636.49915799662
52,2,3,1,2,37,2,7,1,199,0,781,17616.538869682703
21,2,1,5,1,33,2,5,0,649,0,883,62594.79028817476
36,1,1,1,1,40,6,1,1,351,0,237,44681.59851608896
53,1,2,1,1,9,6,3,1,568,0,88,61137.494447362915
23,1,1,1,1,16,2,5,1,14,0,617,87280.97060823516
16,1,1,1,1,16,2,7,1,981,0,358,7171.382393605905
39,2,2,3,2,66,6,3,1,266,2,851,36007.983825952724
45,1,3,1,1,61,1,6,0,821,0,990,45812.487733761736
53,2,3,5,2,94,2,5,0,671,0,903,79096.52348293301
42,1,3,1,2,0,1,1,0,815,0,255,17271.939615870302
39,1,2,1,2,11,3,10,1,252,0,281,88717.22051361209
14,2,4,1,2,3,1,6,1,796,0,412,52717.11803132581
31,2,2,1,1,41,2,8,1,729,0,678,48079.986765322836
5,2,1,1,1,12,1,1,1,424,0,125,46038.804735621874
35,2,3,1,2,97,3,2,1,636,0,444,41274.73935639943
23,1,1,1,2,84,6,4,1,716,0,539,70962.3351853831
29,2,2,1,2,85,4,2,1,352,0,451,28629.584918351222
43,1,3,2,1,3,4,11,0,691,1,181,56908.28363287707
11,2,3,1,2,81,3,9,1,388,0,25,42316.36668586049
18,1,2,2,1,68,1,10,1,603,0,970,34757.33102971804
47,2,3,1,2,18,1,8,1,675,0,761,101719.50351367792
12,1,4,1,9,1,5,8,1,662,0,907,58381.0146950692
9,1,1,1,1,11,2,4,1,835,2,65,62265.31089322288
10,1,2,1,2,80,1,5,1,155,0,600,72755.53561337324
44,2,2,1,1,73,4,4,1,332,0,112,21573.001093629056
17,1,2,3,1,97,2,9,1,131,0,293,85045.83818244064
38,1,2,2,2,5,2,2,1,261,0,714,0.0
7,1,4,1,2,7,6,11,1,864,0,526,34624.67179922959
46,1,3,1,2,50,5,8,1,908,0,627,40819.36653642199
13,2,3,2,2,10,2,2,1,320,0,287,61634.46729941012
40,1,2,1,2,62,6,1,1,610,9,894,54374.365322829755
42,2,3,2,2,56,3,10,1,484,0,621,46663.70518603214
9,1,4,2,2,11,4,3,1,579,0,759,49760.05310744552
50,1,3,3,1,72,1,9,1,501,9,278,30439.539529548634
27,2,1,1,9,1,1,3,2,584,1,842,20055.352110316537
2,2,3,1,1,7,3,9,0,356,0,409,64530.2324467212
5,1,1,1,2,10,5,7,0,829,0,512,63874.1222507237
29,1,2,1,1,52,3,10,2,496,1,95,81689.88750314117
37,2,1,2,1,99,1,1,1,482,0,329,34199.65806369584
38,1,3,1,1,9,1,10,1,391,0,41,63856.30420601845
19,2,3,1,2,84,4,5,1,289,1,345,44325.86543270537
8,2,1,3,1,83,1,9,0,81,0,60,73809.49970386965
48,2,2,2,1,7,3,3,1,530,0,88,70439.25553356283
45,1,2,3,2,35,1,9,1,375,0,707,54224.18798448914
1,2,2,2,2,92,1,5,1,942,0,183,43209.39686668027
22,1,1,1,1,75,3,9,1,103,1,957,69218.64357216522
52,1,2,1,1,13,3,10,1,382,0,627,62938.09046513132
17,1,3,3,1,53,2,6,0,348,1,510,36311.19195827635
7,1,1,1,1,84,1,9,1,446,0,584,23444.026530411382
25,2,1,1,2,85,4,7,1,345,0,85,44229.341986364074
45,2,2,1,2,20,1,7,1,673,0,325,80308.27630696418
4,2,4,1,2,49,3,8,2,501,1,842,72929.74317466076
36,1,3,2,1,93,6,7,1,926,2,382,27753.450606588387
6,1,3,1,2,38,1,9,1,877,0,90,26644.85168200158
31,1,2,1,2,19,5,11,1,49,0,882,75493.67699358973
19,2,3,1,2,87,1,9,1,368,0,649,27287.281904843418
44,1,1,1,2,86,3,6,1,583,1,704,60185.90647284016
54,2,3,1,2,6,2,7,2,263,0,764,37678.575693273524
39,1,4,1,2,8,6,2,1,975,0,706,82340.89849043365
27,1,3,3,1,0,2,9,1,590,0,741,34591.50401724242
10,2,3,1,2,25,2,1,1,407,0,80,72867.23060411657
26,1,3,1,2,37,6,1,0,766,0,978,53697.17308120729
19,2,1,1,2,37,3,3,0,886,0,863,55043.897084685734
39,2,4,1,1,60,3,6,1,179,1,675,10593.828372971984
3,1,1,1,2,43,2,5,1,699,0,766,5941.73293588563
45,1,3,3,2,85,4,2,1,710,0,661,45588.68119465372
13,1,1,1,1,43,1,9,1,520,0,80,54938.12126833224
50,2,1,2,1,73,1,10,0,269,0,55,27496.043445245534
28,1,2,1,2,61,3,4,1,593,1,56,28226.131790473155
20,1,2,1,2,5,2,4,1,993,0,600,61229.452596522664
28,1,2,1,2,16,6,5,1,468,0,431,61257.08960914261
8,2,3,3,1,50,5,8,0,538,0,158,47245.17879224146
41,1,1,1,2,37,4,10,2,891,0,919,65604.0344237215
39,2,1,1,1,23,4,4,1,350,0,139,26515.95408559707
1,2,3,1,1,50,3,5,2,66,0,465,42881.301658260585
3,1,2,1,1,9,1,4,1,227,0,648,82957.55211567346
13,1,3,1,1,71,4,6,2,628,1,886,51366.44259879635
28,2,3,1,1,20,1,3,1,825,0,640,52526.25029173998
49,1,3,1,1,69,2,8,2,949,0,975,96118.93171935479
25,2,3,1,1,84,4,6,0,694,1,878,22013.156683024583
56,1,2,1,1,56,3,10,1,740,0,514,65928.6073328422
33,1,3,3,2,38,5,5,2,473,0,938,83279.725596162
38,2,2,2,2,87,1,2,0,256,0,783,43502.841470029074
53,1,2,2,1,32,3,10,0,739,0,253,67192.61573709692
6,1,3,1,2,58,1,10,1,382,0,483,30359.610055781905
44,1,2,1,1,17,3,7,2,426,0,391,36265.35208865297
45,1,3,1,2,55,4,2,1,40,1,112,57699.328320952685
32,1,3,1,1,91,3,1,1,377,0,498,65971.3334622118
45,1,3,1,1,56,2,7,0,568,0,46,72418.73024812492
47,2,4,1,2,95,1,5,0,655,0,663,81392.57173878986
21,1,2,1,2,75,1,1,1,117,0,558,48651.06882889636
16,2,2,1,2,47,3,4,0,593,0,529,73872.23510345176
54,1,3,3,2,41,5,4,1,848,0,752,43153.90313101702
21,2,2,1,2,26,1,10,2,427,0,342,68041.82623176536
11,1,3,1,1,73,4,7,1,629,1,406,54149.77595704363
37,2,3,1,1,51,5,9,1,830,0,305,58913.55814163848
36,1,3,1,1,41,3,2,0,407,1,116,58470.15748044075
35,1,2,1,1,31,3,1,1,281,1,869,17905.89980404376
19,1,1,3,2,25,4,2,0,692,0,963,27517.562822784534
20,1,2,3,2,24,2,7,1,125,1,539,52050.82879635045
18,1,1,1,1,74,2,10,1,850,1,834,16254.418407176629
47,1,3,3,2,22,1,6,1,595,0,92,66624.22206399511
41,2,2,5,2,97,6,4,1,265,9,943,67431.11932576283
49,1,1,3,1,56,5,1,0,90,0,297,56543.4110575558
14,1,1,3,1,51,4,1,1,789,0,991,27577.319744841556
15,1,3,1,1,86,1,5,1,137,1,715,77602.77877737029
31,2,3,1,1,92,2,1,1,847,0,470,90744.21279436717
1,1,2,1,1,30,1,7,0,924,0,224,52941.53654891948
53,1,1,1,2,63,1,11,1,244,0,290,60210.70756902473
54,1,2,5,1,70,3,1,0,562,1,741,54034.77309592088
54,2,2,1,1,32,6,1,1,190,1,963,60607.383779975986
3,2,3,2,9,84,5,2,1,166,0,468,47608.82486747208
16,1,3,3,2,1,3,11,1,463,9,810,49308.71520312393
23,2,2,3,2,17,1,10,1,580,0,353,68114.35200994731
11,2,2,5,1,46,2,3,1,866,0,203,96912.48323792881
12,1,4,1,1,32,2,11,1,770,0,167,21998.575311965225
10,2,2,1,2,97,4,1,0,713,1,474,47923.75031194066
32,1,3,1,1,83,4,9,1,33,0,113,26390.790295358358
16,1,1,1,1,34,2,10,0,482,0,43,81840.49797152166
8,1,2,1,2,50,2,8,1,409,1,111,38245.24061360203
38,1,1,1,2,17,1,5,1,957,9,648,21135.98412428412
12,1,3,2,1,87,2,11,1,601,0,735,62763.73997697147
24,2,4,1,2,71,2,2,1,143,0,334,84886.22229486222
28,1,2,1,1,29,1,5,1,430,9,953,63271.957371215256
53,1,1,1,1,43,2,6,1,222,1,817,54095.957545638346
8,1,1,1,1,52,5,1,0,909,0,700,58182.818455519875
28,2,2,1,1,9,3,11,1,491,1,601,78296.81325651109
36,1,1,2,1,86,1,4,1,357,1,150,32516.014599717004
26,1,1,1,2,51,1,9,1,175,2,483,47763.05791827374
8,1,3,2,2,48,2,2,1,946,1,40,40946.19702980934
50,1,2,1,2,10,2,5,1,357,0,893,26642.693854165795
28,2,2,3,1,65,2,1,1,858,0,944,43432.49481166395
28,2,4,1,1,57,3,4,0,407,0,72,72154.42191964897
37,1,1,1,1,89,3,4,1,592,0,569,61332.04296785451
41,2,4,1,1,35,4,6,1,735,1,96,62886.21000216401
36,1,2,3,1,32,2,10,1,444,9,313,52929.512233066365
27,2,3,1,2,46,4,9,1,586,0,70,60466.47565457177
54,1,3,1,2,12,2,3,1,230,0,405,33988.19315303789
17,1,3,5,2,39,1,9,0,317,0,343,43809.80228145541
9,1,4,2,1,88,3,6,1,807,0,961,53840.08473937353
33,2,2,1,2,67,3,7,0,706,0,795,55550.31717763781
53,1,4,2,1,41,5,10,2,728,0,420,56403.75709843746
20,1,2,1,1,18,4,2,1,475,0,293,47233.29435967244
13,1,2,1,1,81,5,11,1,108,0,475,42451.5319773934
28,2,2,1,2,93,5,10,2,251,0,89,113155.42566088596
48,1,3,3,9,18,3,6,0,167,1,701,68135.74545864797
29,2,1,3,1,57,3,6,1,619,0,793,58262.94951905245
13,2,3,1,2,22,3,2,1,563,0,86,45335.83003587212
46,1,3,1,2,53,6,2,1,660,0,963,40975.623461122465
35,2,3,1,1,79,4,2,1,804,0,742,47383.988125460884
6,1,3,5,1,64,1,10,1,929,1,914,55856.57687173367
18,2,2,5,1,11,4,1,1,236,0,803,12391.289118738372
51,1,2,1,9,23,1,5,0,432,1,549,18612.208092506327
5,2,2,3,1,33,2,8,2,81,0,370,37262.35222122085
47,2,1,2,2,52,1,2,0,252,0,86,54142.78873557137
25,2,1,1,1,7,3,5,1,539,0,518,45214.537056962974
2,2,2,1,2,17,5,8,1,598,1,173,79562.42452198968
10,1,2,1,1,56,2,10,0,54,0,18,20352.064260084622
56,1,4,1,2,4,1,5,0,481,2,184,34973.090607932594
30,2,3,1,2,25,2,2,2,380,0,471,80401.83481982202
50,1,2,1,2,29,3,3,1,864,0,316,52622.386493502934
45,1,3,3,2,53,2,6,0,661,1,597,67696.85165602317
5,2,1,1,1,12,2,11,0,698,2,254,91024.93886538927
55,2,2,1,2,82,1,11,1,743,0,131,36123.91164196355
56,2,3,1,1,28,2,5,1,936,0,194,48013.71324415936
33,1,2,1,1,2,2,11,1,101,0,41,44551.46198138257
54,2,2,1,2,89,4,4,0,31,0,972,10908.139910334488
1,1,4,1,1,57,1,4,1,181,9,771,43792.06392488062
18,2,3,1,2,75,3,5,0,613,0,578,67621.2437476133
32,1,3,1,9,1,1,2,0,201,0,319,60811.790836244814
47,2,3,1,1,74,2,9,1,86,9,381,62381.6633877602
49,2,3,1,2,27,2,2,1,290,1,665,42489.82038721001
11,1,2,2,1,81,4,10,1,373,0,839,36878.05527988717
21,2,2,1,1,76,5,2,1,188,2,605,75385.11343797241
26,1,1,1,1,85,5,10,2,247,0,65,40053.65707284661
25,2,2,3,2,75,3,9,2,144,0,800,55881.64077586428
22,2,3,1,2,1,2,3,1,886,2,282,53266.69361355077
27,1,2,1,2,6,4,10,1,911,0,473,79234.34032514237
49,2,4,2,9,25,3,7,1,289,0,687,69428.2471534472
13,2,4,1,1,89,1,4,1,28,0,465,24094.827586657582
33,1,3,1,1,87,4,6,1,604,1,988,26248.936664499197
34,1,3,3,2,75,2,4,1,749,0,679,61578.19636138268
41,2,3,3,2,15,1,10,1,380,0,258,48713.24705241667
35,2,1,5,1,22,2,7,2,786,0,707,40896.56432092472
1,2,3,1,1,39,2,1,1,121,0,87,70312.55767988942
21,2,1,1,2,59,3,3,1,772,0,543,53749.18764177822
48,1,3,1,2,72,1,3,0,685,1,117,51049.14773778888
55,2,2,1,1,31,1,1,1,879,0,282,65596.572815101
6,1,3,1,1,14,1,6,1,689,0,773,42497.82010112871
28,1,4,1,2,12,3,11,1,230,0,24,81370.37970945108
17,1,1,3,2,4,4,9,1,929,0,379,34239.047535339836
5,1,2,1,1,74,2,8,0,313,1,313,63138.58132684176
31,1,4,1,2,73,1,11,1,712,0,681,78676.6567731969
5,1,2,1,1,51,1,7,1,334,0,214,22454.090214558004
38,2,3,1,1,76,5,10,1,446,0,990,43133.29648295102
3,1,3,1,2,40,2,8,1,447,0,122,72844.14785771116
53,1,2,1,2,52,2,6,1,179,0,689,73144.8909546205
23,1,2,1,1,49,1,9,1,384,1,874,46570.08799223522
37,1,2,1,2,14,4,3,1,566,0,262,35306.57812646281
53,1,3,3,2,6,3,10,0,390,1,450,69118.71644661525
37,1,2,3,2,39,1,10,1,995,0,195,73670.98205163209
10,1,3,1,2,27,1,9,1,23,0,868,26706.733029752104
10,2,2,1,2,31,2,4,1,752,0,236,25921.727020672395
19,1,3,3,2,98,4,7,1,678,1,537,54505.13363967199
17,1,3,3,1,14,5,9,1,509,0,677,62587.21266857784
21,1,4,1,1,99,3,2,0,655,0,363,44018.618295398905
14,2,2,2,1,84,4,2,0,400,0,632,63585.876399646986
9,1,3,1,2,69,1,9,1,558,1,10,35797.26786325236
46,1,3,3,2,64,3,3,1,574,0,562,7706.128018525291
1,1,3,5,1,3,3,9,1,539,0,569,41521.978553348075
51,1,4,1,1,10,1,5,1,992,1,936,51264.64293026202
45,1,2,3,2,25,5,6,1,501,1,429,44483.20080207087
13,1,1,1,1,60,1,2,1,559,0,629,26827.934726810297
4,1,3,5,2,36,2,8,1,708,0,170,13687.02048242365
1,1,2,1,1,22,3,11,1,394,0,170,39718.223912642046
49,1,3,3,2,92,3,9,0,205,0,880,67953.11543299488
40,2,3,1,2,84,3,2,0,764,1,137,75123.94878827364
32,2,1,1,1,90,1,6,0,309,0,731,73754.2676827691
34,2,3,1,1,39,4,6,0,824,1,160,33681.80929702894
28,2,2,5,1,76,3,8,0,556,0,453,26925.87352739272
31,1,3,3,2,22,2,10,1,736,0,776,59932.69229959791
8,1,3,3,2,15,6,5,1,740,0,480,62702.000231958504
39,1,4,3,1,93,4,9,2,837,2,472,58003.39210400995
26,1,1,1,2,60,1,1,0,611,0,739,9718.73451524473
34,2,2,1,2,67,4,9,1,317,0,39,32662.308302330668
54,1,3,1,1,79,1,10,1,261,0,482,49406.22419428043
54,2,3,1,1,30,1,7,0,17,9,566,59744.36389260854
3,1,3,1,2,52,2,4,1,777,1,89,65346.147252049734
50,2,1,1,2,24,6,3,0,884,0,48,52885.0704456408
12,1,2,1,2,43,1,10,2,217,0,249,56615.67613076472
1,1,2,1,2,11,3,11,1,946,1,566,51697.30916722208
54,1,3,1,2,89,1,6,1,140,1,599,63712.38748436966
44,1,2,1,1,96,4,1,1,745,0,346,56257.31302981822
5,1,2,5,2,91,3,3,1,718,0,917,51314.75320094575
30,1,4,2,2,8,3,2,1,989,0,870,44632.62401725238
30,2,1,5,2,11,1,11,1,663,0,809,51625.828500849624
17,1,4,1,1,68,4,9,0,773,1,961,59691.827576785494
48,1,3,1,1,53,6,3,0,617,0,289,55349.507777961226
47,1,3,2,1,53,3,2,1,35,0,125,57616.52836690508
23,2,2,1,1,27,2,4,1,632,0,278,76854.4372270237
15,1,1,1,1,55,5,2,1,463,1,925,55303.278454931744
37,1,3,1,2,98,1,1,0,644,0,344,37020.02959053685
21,1,3,1,2,68,4,6,1,195,0,321,67672.13571988337
14,1,3,1,1,97,5,10,1,493,0,62,22676.03324662165
2,2,1,1,2,97,1,8,1,689,0,77,28371.732385214258
11,1,3,1,1,76,2,10,1,60,0,703,56716.94529440138
51,1,3,1,1,57,1,10,1,900,1,43,60327.93335573158
39,2,3,1,1,77,3,2,0,14,0,805,25098.9755299201
38,1,3,3,2,74,3,9,1,598,0,827,42343.650380265
34,1,3,1,1,41,2,3,1,169,0,395,37878.32335560683
38,1,3,1,1,37,2,8,1,217,0,258,40266.47354236807
50,2,1,3,1,67,2,8,1,266,0,120,68871.95552545892
34,1,2,1,2,52,2,3,1,214,0,103,64130.10927094505
18,2,1,1,1,32,1,3,1,776,0,419,49617.55640292585
30,1,2,1,2,70,5,6,1,959,0,188,39080.76145770145
15,1,2,1,2,55,1,1,1,20,1,56,23007.006595597188
27,1,1,1,2,71,5,4,1,958,0,803,78403.69877563897
51,2,2,3,2,50,3,1,1,17,0,861,61842.27800569837
34,1,1,1,1,73,2,3,1,418,0,883,35866.61791853719
52,2,3,1,1,42,4,9,1,945,1,613,64391.98995249783
38,2,4,1,2,14,3,5,1,41,0,385,48595.52758850749
33,1,1,1,1,37,2,5,0,993,1,733,44257.80990275314
24,1,4,1,2,14,1,11,2,549,0,596,58704.23056579205
15,1,3,1,2,4,2,4,0,727,1,899,35170.0350017455
30,1,2,1,2,92,1,3,1,396,0,211,43124.869609797795
55,2,1,1,2,82,1,5,1,237,0,454,52429.22128399092
42,2,3,1,9,53,2,11,1,649,0,928,40010.97614229573
51,1,3,1,2,50,1,4,1,776,0,942,63381.70420535048
17,1,3,3,1,9,2,8,1,484,9,306,87381.33007356522
5,2,1,1,2,11,1,4,1,733,0,317,34914.03734785714
29,1,1,1,1,3,1,11,0,760,9,732,16697.494073919115
4,2,2,1,1,94,1,8,0,216,0,502,9965.196650474769
10,1,2,2,2,17,6,6,1,327,0,347,46990.63717010035
56,2,2,1,1,79,1,11,1,804,0,954,36736.70819747634
17,1,2,1,1,35,3,5,0,766,0,932,54157.21002134161
10,1,3,2,1,24,1,4,0,566,2,655,52651.95344052202
17,1,4,3,2,86,5,4,1,626,0,851,17935.663067718076
20,1,2,1,2,75,1,4,1,357,0,75,13702.323410371879
24,1,4,1,2,97,6,11,1,802,9,801,55918.66480692191
5,2,2,3,1,35,3,9,0,243,0,431,52708.57669439914
34,2,2,5,2,66,1,4,0,710,0,549,41483.640032668976
6,1,2,3,2,8,5,9,2,53,0,933,16857.128297353906
53,1,3,1,1,60,3,10,1,746,0,638,59427.82525529982
2,1,4,1,1,52,2,6,1,951,0,502,75437.99090847887
13,1,3,1,1,17,4,10,1,151,0,891,55559.64880437845
43,1,2,2,9,42,5,7,1,657,0,971,33050.52218869871
43,1,3,1,2,34,2,10,0,185,1,326,50891.043311423025
48,1,1,1,2,62,2,3,1,663,0,951,22677.7183813263
11,1,3,3,1,97,4,8,1,458,9,846,71159.21427677585
51,1,3,1,2,77,3,3,1,601,0,635,51636.88669059078
47,1,2,3,2,3,5,1,1,91,0,84,14636.861764935362
23,2,3,1,2,92,3,10,1,144,0,723,43986.51279112635
55,1,3,1,9,40,1,5,0,728,0,948,59266.03020468462
16,2,1,1,1,44,5,2,1,865,0,68,43339.047580489554
31,1,3,2,1,49,1,10,1,186,1,395,44482.08557119652
11,1,2,1,2,78,2,6,1,392,1,24,25511.955859054564
54,2,3,1,2,27,3,10,1,252,0,240,61330.819741633124
16,2,3,5,2,41,3,9,1,576,0,626,37030.61599961725
